{
  "properties": {
    "connectionReferences": {
      "shared_commondataserviceforapps_1": {
        "runtimeSource": "embedded",
        "connection": {
          "connectionReferenceLogicalName": "new_sharedcommondataserviceforapps_d04e4"
        },
        "api": {
          "name": "shared_commondataserviceforapps"
        }
      },
      "shared_office365": {
        "runtimeSource": "embedded",
        "connection": {
          "connectionReferenceLogicalName": "new_sharedoffice365_eca6d"
        },
        "api": {
          "name": "shared_office365"
        }
      }
    },
    "definition": {
      "$schema": "https://schema.management.azure.com/providers/Microsoft.Logic/schemas/2016-06-01/workflowdefinition.json#",
      "contentVersion": "1.0.0.0",
      "parameters": {
        "$connections": {
          "defaultValue": {},
          "type": "Object"
        },
        "$authentication": {
          "defaultValue": {},
          "type": "SecureObject"
        }
      },
      "triggers": {
        "繰り返し": {
          "recurrence": {
            "frequency": "Day",
            "interval": 1,
            "timeZone": "Tokyo Standard Time",
            "schedule": {
              "hours": [
                "9"
              ],
              "minutes": [
                10
              ]
            }
          },
          "metadata": {
            "operationMetadataId": "24a6be87-0cb7-4a1e-8f87-56afecb2cf62"
          },
          "type": "Recurrence"
        }
      },
      "actions": {
        "行を一覧にする": {
          "runAfter": {
            "変数を初期化する": [
              "Succeeded"
            ]
          },
          "metadata": {
            "operationMetadataId": "60eb6b7c-4d9b-4b81-99e5-0358f650d7f3"
          },
          "type": "OpenApiConnection",
          "inputs": {
            "host": {
              "connectionName": "shared_commondataserviceforapps_1",
              "operationId": "ListRecords",
              "apiId": "/providers/Microsoft.PowerApps/apis/shared_commondataserviceforapps"
            },
            "parameters": {
              "entityName": "ya_softwares",
              "$filter": "ya_licensequantity gt 0",
              "$expand": "ya_Software_ya_Equipment_ya_Equipment"
            },
            "authentication": "@parameters('$authentication')"
          }
        },
        "Apply_to_each": {
          "foreach": "@outputs('行を一覧にする')?['body/value']",
          "actions": {
            "登録済みのライセンス数": {
              "runAfter": {},
              "metadata": {
                "operationMetadataId": "c3b51a20-af1d-49e7-9941-a2f8e1a6ff1b"
              },
              "type": "Compose",
              "inputs": "@items('Apply_to_each')?['ya_licensequantity']"
            },
            "使用済みのライセンス数": {
              "runAfter": {
                "選択": [
                  "Succeeded"
                ]
              },
              "metadata": {
                "operationMetadataId": "c863c01c-4cea-4d6d-b9e3-08322d561a06"
              },
              "type": "Compose",
              "inputs": "@length(first(body('選択')))",
              "description": "length(body('選択'))"
            },
            "選択": {
              "runAfter": {
                "登録済みのライセンス数": [
                  "Succeeded"
                ]
              },
              "metadata": {
                "operationMetadataId": "8fa905b1-7c3b-454c-877e-1a9c6c3b31cb"
              },
              "type": "Select",
              "inputs": {
                "from": "@outputs('行を一覧にする')?['body/value']",
                "select": "@items('Apply_to_each')?['ya_Software_ya_Equipment_ya_Equipment']"
              },
              "description": "items('Apply_to_each')?['ya_Software_ya_Equipment_ya_Equipment']"
            },
            "条件": {
              "actions": {
                "メールの送信_(V2)": {
                  "runAfter": {},
                  "metadata": {
                    "operationMetadataId": "b0d756b5-48b8-4cab-be2c-407e572e2b03"
                  },
                  "type": "OpenApiConnection",
                  "inputs": {
                    "host": {
                      "connectionName": "shared_office365",
                      "operationId": "SendEmailV2",
                      "apiId": "/providers/Microsoft.PowerApps/apis/shared_office365"
                    },
                    "parameters": {
                      "emailMessage/To": "@variables('管理者メールアドレス')",
                      "emailMessage/Subject": "ライセンス不足",
                      "emailMessage/Body": "<p>ライセンスが不足しています。<br>\n<br>\n@{items('Apply_to_each')?['ya_name']} ( @{items('Apply_to_each')?['ya_manufacturer']} @{items('Apply_to_each')?['ya_version']} )</p>"
                    },
                    "authentication": "@parameters('$authentication')"
                  }
                }
              },
              "runAfter": {
                "使用済みのライセンス数": [
                  "Succeeded"
                ]
              },
              "expression": {
                "greater": [
                  "@outputs('使用済みのライセンス数')",
                  "@outputs('登録済みのライセンス数')"
                ]
              },
              "metadata": {
                "operationMetadataId": "13ac03cd-eb57-46b5-9b99-7387e00aebff"
              },
              "type": "If"
            }
          },
          "runAfter": {
            "行を一覧にする": [
              "Succeeded"
            ]
          },
          "metadata": {
            "operationMetadataId": "2f523f3f-5d90-45c0-8ba1-5b579f357c91"
          },
          "type": "Foreach"
        },
        "変数を初期化する": {
          "runAfter": {},
          "metadata": {
            "operationMetadataId": "4ad84700-df46-4900-a190-e77314a2c018"
          },
          "type": "InitializeVariable",
          "inputs": {
            "variables": [
              {
                "name": "管理者メールアドレス",
                "type": "string",
                "value": "admin@contoso.com"
              }
            ]
          }
        }
      },
      "outputs": {}
    }
  },
  "schemaVersion": "1.0.0.0"
}